類型,站點名稱,連結
去程站點名稱,蘆洲總站,stop.jsp?sid=36021
去程站點名稱,王爺廟口,stop.jsp?sid=36022
去程站點名稱,空中大學(中正路),stop.jsp?sid=36023
去程站點名稱,中原公寓,stop.jsp?sid=36024
去程站點名稱,蘆洲國小,stop.jsp?sid=36025
去程站點名稱,蘆洲監理站,stop.jsp?sid=36026
去程站點名稱,蘆洲派出所,stop.jsp?sid=36027
去程站點名稱,溪墘,stop.jsp?sid=36028
去程站點名稱,捷運徐匯中學站,stop.jsp?sid=36029
去程站點名稱,徐匯中學,stop.jsp?sid=36030
去程站點名稱,幸福市場,stop.jsp?sid=36031
去程站點名稱,建和新村,stop.jsp?sid=36032
去程站點名稱,捷運三和國中站,stop.jsp?sid=129828
去程站點名稱,三和國中,stop.jsp?sid=36033
去程站點名稱,格致中學(三和路),stop.jsp?sid=36034
去程站點名稱,厚德派出所,stop.jsp?sid=36036
去程站點名稱,德林寺(三和路),stop.jsp?sid=36038
去程站點名稱,龍門路口,stop.jsp?sid=36039
去程站點名稱,三安里,stop.jsp?sid=36040
去程站點名稱,長壽西街口,stop.jsp?sid=36041
去程站點名稱,長元西街口,stop.jsp?sid=36042
去程站點名稱,正義重新路口,stop.jsp?sid=36043
去程站點名稱,天台廣場,stop.jsp?sid=36044
去程站點名稱,大同路口,stop.jsp?sid=36045
去程站點名稱,中山藝術公園,stop.jsp?sid=36046
去程站點名稱,捷運菜寮站,stop.jsp?sid=218023
去程站點名稱,過圳街,stop.jsp?sid=36047
去程站點名稱,三重區公所(過圳街),stop.jsp?sid=36048
去程站點名稱,三重稅捐分處,stop.jsp?sid=36049
去程站點名稱,菜寮(重陽路),stop.jsp?sid=36050
去程站點名稱,集美國小,stop.jsp?sid=36051
去程站點名稱,三重國民運動中心,stop.jsp?sid=36052
去程站點名稱,三重中學,stop.jsp?sid=36053
去程站點名稱,重安街口,stop.jsp?sid=36054
去程站點名稱,臺北車站(忠孝),stop.jsp?sid=36055
去程站點名稱,捷運善導寺站,stop.jsp?sid=36056
去程站點名稱,華山文創園區,stop.jsp?sid=36057
去程站點名稱,忠孝國小,stop.jsp?sid=36058
去程站點名稱,臺北科技大學(忠孝),stop.jsp?sid=36059
去程站點名稱,正義郵局,stop.jsp?sid=36060
去程站點名稱,懷生國中,stop.jsp?sid=36061
去程站點名稱,頂好市場,stop.jsp?sid=36063
去程站點名稱,捷運忠孝敦化站,stop.jsp?sid=36064
去程站點名稱,阿波羅大廈,stop.jsp?sid=36065
去程站點名稱,交通部觀光署,stop.jsp?sid=36066
去程站點名稱,捷運國父紀念館站(忠孝),stop.jsp?sid=36067
去程站點名稱,聯合報,stop.jsp?sid=36068
去程站點名稱,捷運市政府站,stop.jsp?sid=36069
去程站點名稱,市立工農,stop.jsp?sid=36070
去程站點名稱,捷運永春站(忠孝),stop.jsp?sid=36071
去程站點名稱,捷運永春站(松山),stop.jsp?sid=36072
去程站點名稱,雙永國小,stop.jsp?sid=36073
去程站點名稱,永吉松山路口,stop.jsp?sid=36074
去程站點名稱,松山車站(松山),stop.jsp?sid=36075
去程站點名稱,蘆洲總站,stop.jsp?sid=36021
去程站點名稱,王爺廟口,stop.jsp?sid=36022
去程站點名稱,空中大學(中正路),stop.jsp?sid=36023
去程站點名稱,中原公寓,stop.jsp?sid=36024
去程站點名稱,蘆洲國小,stop.jsp?sid=36025
去程站點名稱,蘆洲監理站,stop.jsp?sid=36026
去程站點名稱,蘆洲派出所,stop.jsp?sid=36027
去程站點名稱,溪墘,stop.jsp?sid=36028
去程站點名稱,捷運徐匯中學站,stop.jsp?sid=36029
去程站點名稱,徐匯中學,stop.jsp?sid=36030
去程站點名稱,幸福市場,stop.jsp?sid=36031
去程站點名稱,建和新村,stop.jsp?sid=36032
去程站點名稱,捷運三和國中站,stop.jsp?sid=129828
去程站點名稱,三和國中,stop.jsp?sid=36033
去程站點名稱,格致中學(三和路),stop.jsp?sid=36034
去程站點名稱,厚德派出所,stop.jsp?sid=36036
去程站點名稱,德林寺(三和路),stop.jsp?sid=36038
去程站點名稱,龍門路口,stop.jsp?sid=36039
去程站點名稱,三安里,stop.jsp?sid=36040
去程站點名稱,長壽西街口,stop.jsp?sid=36041
去程站點名稱,長元西街口,stop.jsp?sid=36042
去程站點名稱,正義重新路口,stop.jsp?sid=36043
去程站點名稱,天台廣場,stop.jsp?sid=36044
去程站點名稱,大同路口,stop.jsp?sid=36045
去程站點名稱,中山藝術公園,stop.jsp?sid=36046
去程站點名稱,捷運菜寮站,stop.jsp?sid=218023
去程站點名稱,過圳街,stop.jsp?sid=36047
去程站點名稱,三重區公所(過圳街),stop.jsp?sid=36048
去程站點名稱,三重稅捐分處,stop.jsp?sid=36049
去程站點名稱,菜寮(重陽路),stop.jsp?sid=36050
去程站點名稱,集美國小,stop.jsp?sid=36051
去程站點名稱,三重國民運動中心,stop.jsp?sid=36052
去程站點名稱,三重中學,stop.jsp?sid=36053
去程站點名稱,重安街口,stop.jsp?sid=36054
去程站點名稱,臺北車站(忠孝),stop.jsp?sid=36055
去程站點名稱,捷運善導寺站,stop.jsp?sid=36056
去程站點名稱,華山文創園區,stop.jsp?sid=36057
去程站點名稱,忠孝國小,stop.jsp?sid=36058
去程站點名稱,臺北科技大學(忠孝),stop.jsp?sid=36059
去程站點名稱,正義郵局,stop.jsp?sid=36060
去程站點名稱,懷生國中,stop.jsp?sid=36061
去程站點名稱,頂好市場,stop.jsp?sid=36063
去程站點名稱,捷運忠孝敦化站,stop.jsp?sid=36064
去程站點名稱,阿波羅大廈,stop.jsp?sid=36065
去程站點名稱,交通部觀光署,stop.jsp?sid=36066
去程站點名稱,捷運國父紀念館站(忠孝),stop.jsp?sid=36067
去程站點名稱,聯合報,stop.jsp?sid=36068
去程站點名稱,捷運市政府站,stop.jsp?sid=36069
去程站點名稱,市立工農,stop.jsp?sid=36070
去程站點名稱,捷運永春站(忠孝),stop.jsp?sid=36071
去程站點名稱,捷運永春站(松山),stop.jsp?sid=36072
去程站點名稱,雙永國小,stop.jsp?sid=36073
去程站點名稱,永吉松山路口,stop.jsp?sid=36074
去程站點名稱,松山車站(松山),stop.jsp?sid=36075
去程站點名稱,蘆洲總站,stop.jsp?sid=36021
去程站點名稱,王爺廟口,stop.jsp?sid=36022
去程站點名稱,空中大學(中正路),stop.jsp?sid=36023
去程站點名稱,中原公寓,stop.jsp?sid=36024
去程站點名稱,蘆洲國小,stop.jsp?sid=36025
去程站點名稱,蘆洲監理站,stop.jsp?sid=36026
去程站點名稱,蘆洲派出所,stop.jsp?sid=36027
去程站點名稱,溪墘,stop.jsp?sid=36028
去程站點名稱,捷運徐匯中學站,stop.jsp?sid=36029
去程站點名稱,徐匯中學,stop.jsp?sid=36030
去程站點名稱,幸福市場,stop.jsp?sid=36031
去程站點名稱,建和新村,stop.jsp?sid=36032
去程站點名稱,捷運三和國中站,stop.jsp?sid=129828
去程站點名稱,三和國中,stop.jsp?sid=36033
去程站點名稱,格致中學(三和路),stop.jsp?sid=36034
去程站點名稱,厚德派出所,stop.jsp?sid=36036
去程站點名稱,德林寺(三和路),stop.jsp?sid=36038
去程站點名稱,龍門路口,stop.jsp?sid=36039
去程站點名稱,三安里,stop.jsp?sid=36040
去程站點名稱,長壽西街口,stop.jsp?sid=36041
去程站點名稱,長元西街口,stop.jsp?sid=36042
去程站點名稱,正義重新路口,stop.jsp?sid=36043
去程站點名稱,天台廣場,stop.jsp?sid=36044
去程站點名稱,大同路口,stop.jsp?sid=36045
去程站點名稱,中山藝術公園,stop.jsp?sid=36046
去程站點名稱,捷運菜寮站,stop.jsp?sid=218023
去程站點名稱,過圳街,stop.jsp?sid=36047
去程站點名稱,三重區公所(過圳街),stop.jsp?sid=36048
去程站點名稱,三重稅捐分處,stop.jsp?sid=36049
去程站點名稱,菜寮(重陽路),stop.jsp?sid=36050
去程站點名稱,集美國小,stop.jsp?sid=36051
去程站點名稱,三重國民運動中心,stop.jsp?sid=36052
去程站點名稱,三重中學,stop.jsp?sid=36053
去程站點名稱,重安街口,stop.jsp?sid=36054
去程站點名稱,臺北車站(忠孝),stop.jsp?sid=36055
去程站點名稱,捷運善導寺站,stop.jsp?sid=36056
去程站點名稱,華山文創園區,stop.jsp?sid=36057
去程站點名稱,忠孝國小,stop.jsp?sid=36058
去程站點名稱,臺北科技大學(忠孝),stop.jsp?sid=36059
去程站點名稱,正義郵局,stop.jsp?sid=36060
去程站點名稱,懷生國中,stop.jsp?sid=36061
去程站點名稱,頂好市場,stop.jsp?sid=36063
去程站點名稱,捷運忠孝敦化站,stop.jsp?sid=36064
去程站點名稱,阿波羅大廈,stop.jsp?sid=36065
去程站點名稱,交通部觀光署,stop.jsp?sid=36066
去程站點名稱,捷運國父紀念館站(忠孝),stop.jsp?sid=36067
去程站點名稱,聯合報,stop.jsp?sid=36068
去程站點名稱,捷運市政府站,stop.jsp?sid=36069
去程站點名稱,市立工農,stop.jsp?sid=36070
去程站點名稱,捷運永春站(忠孝),stop.jsp?sid=36071
去程站點名稱,捷運永春站(松山),stop.jsp?sid=36072
去程站點名稱,雙永國小,stop.jsp?sid=36073
去程站點名稱,永吉松山路口,stop.jsp?sid=36074
去程站點名稱,松山車站(松山),stop.jsp?sid=36075
